{"Overall loss": 9553674.263671875, "_timestamp": 1673879122.2261493, "_runtime": 24.252005338668823, "_step": 0, "_wandb": {"runtime": 23}}