{"Overall loss": 9456668.694335938, "_timestamp": 1673879340.3565278, "_runtime": 20.806548833847046, "_step": 0, "_wandb": {"runtime": 20}}