{"Overall loss": 6541879.318359375, "_timestamp": 1673877424.8759475, "_runtime": 62.905200481414795, "_step": 5, "generated_sample": {"_type": "histogram", "values": [57667, 2662, 1702, 1243, 944, 800, 694, 627, 599, 501, 507, 501, 511, 425, 440, 436, 427, 412, 457, 418, 407, 421, 441, 413, 425, 472, 467, 509, 603, 624, 719, 926], "bins": [1.1911676072590138e-12, 0.031245067715644836, 0.06249013543128967, 0.09373520314693451, 0.12498027086257935, 0.15622533857822418, 0.18747040629386902, 0.21871547400951385, 0.2499605417251587, 0.2812056243419647, 0.31245067715644836, 0.3436957597732544, 0.37494081258773804, 0.40618589520454407, 0.4374309480190277, 0.46867603063583374, 0.4999210834503174, 0.531166136264801, 0.5624112486839294, 0.5936563014984131, 0.6249013543128967, 0.6561464071273804, 0.6873915195465088, 0.7186365723609924, 0.7498816251754761, 0.7811266779899597, 0.8123717904090881, 0.8436168432235718, 0.8748618960380554, 0.9061069488525391, 0.9373520612716675, 0.9685971140861511, 0.9998421669006348]}, "_wandb": {"runtime": 62}}