{"Overall loss": 6549942.5927734375, "_timestamp": 1673877090.1384785, "_runtime": 170.12151956558228, "_step": 4, "_wandb": {"runtime": 169}}