{"Overall loss": 9499645.845703125, "_timestamp": 1673878304.8741107, "_runtime": 22.092925786972046, "_step": 0}