{"Overall loss": 9482552.396484375, "_timestamp": 1673878900.4907553, "_runtime": 20.47205138206482, "_step": 0, "_wandb": {"runtime": 19}}