{"Overall loss": 6533431.3994140625, "_timestamp": 1673877639.4502516, "_runtime": 63.986862659454346, "_step": 6, "original": {"_type": "histogram", "values": [64765, 435, 424, 331, 280, 292, 288, 260, 247, 223, 253, 229, 229, 196, 247, 204, 321, 213, 253, 228, 220, 251, 235, 243, 254, 278, 319, 292, 323, 390, 443, 5234], "bins": [0.0, 0.03125, 0.0625, 0.09375, 0.125, 0.15625, 0.1875, 0.21875, 0.25, 0.28125, 0.3125, 0.34375, 0.375, 0.40625, 0.4375, 0.46875, 0.5, 0.53125, 0.5625, 0.59375, 0.625, 0.65625, 0.6875, 0.71875, 0.75, 0.78125, 0.8125, 0.84375, 0.875, 0.90625, 0.9375, 0.96875, 1.0]}, "reconstructions": {"_type": "histogram", "values": [59815, 2017, 1124, 803, 676, 601, 505, 464, 415, 409, 385, 376, 323, 330, 347, 366, 334, 334, 363, 353, 369, 391, 424, 432, 489, 505, 581, 701, 746, 843, 1133, 1446], "bins": [9.319065701410278e-13, 0.031228739768266678, 0.062457479536533356, 0.09368622303009033, 0.12491495907306671, 0.1561436951160431, 0.18737244606018066, 0.21860118210315704, 0.24982991814613342, 0.281058669090271, 0.3122873902320862, 0.34351614117622375, 0.37474489212036133, 0.4059736132621765, 0.4372023642063141, 0.4684310853481293, 0.49965983629226685, 0.530888557434082, 0.562117338180542, 0.5933460593223572, 0.6245747804641724, 0.6558035612106323, 0.6870322823524475, 0.7182610034942627, 0.7494897842407227, 0.7807185053825378, 0.811947226524353, 0.8431759476661682, 0.8744047284126282, 0.9056334495544434, 0.9368621706962585, 0.9680909514427185, 0.9993196725845337]}, "_wandb": {"runtime": 63}}